<powerpagecomponent powerpagecomponentid="9783926d-c6a5-4653-8f27-07d4f8e71358">
  <content>{"description":"A true or false value. If set to true, the local account will be marked as deprecated. The portal user will be required to migrate to a non-deprecated account.","value":"False"}</content>
  <iscustomizable>1</iscustomizable>
  <name>Authentication/Registration/LocalLoginDeprecated</name>
  <powerpagecomponenttype>9</powerpagecomponenttype>
  <powerpagesiteid>
    <powerpagesiteid>da288a74-c278-4c57-b1dc-dc018921f413</powerpagesiteid>
  </powerpagesiteid>
  <statecode>0</statecode>
  <statuscode>1</statuscode>
</powerpagecomponent>