<powerpagecomponent powerpagecomponentid="6486a582-d850-ef11-a316-6045bd00d581">
  <content>{
  "source": "{% if request.params['id'] | xml_escape %}\r\n{% assign serviceid = request.params['id'] | xml_escape %}\r\n{% fetchxml fields %}\r\n&lt;fetch&gt;\r\n  &lt;entity name=\"contoso_formfield\"&gt;\r\n    &lt;attribute name=\"contoso_choices\" /&gt;\r\n    &lt;attribute name=\"contoso_description\" /&gt;\r\n    &lt;attribute name=\"contoso_fieldtype\" /&gt;\r\n    &lt;attribute name=\"contoso_order\" /&gt;\r\n    &lt;attribute name=\"contoso_required\" /&gt;\r\n    &lt;attribute name=\"contoso_title\" /&gt;\r\n      &lt;attribute name=\"contoso_formfieldid\" /&gt;\r\n    &lt;attribute name=\"contoso_service\" /&gt;\r\n    &lt;filter&gt;\r\n      &lt;condition attribute=\"contoso_service\" operator=\"eq\" value=\"{{serviceid}}\" /&gt;\r\n      &lt;condition attribute=\"contoso_visible\" operator=\"eq\" value=\"1\" /&gt;\r\n    &lt;/filter&gt;\r\n    &lt;order attribute=\"contoso_order\" /&gt;\r\n  &lt;/entity&gt;\r\n&lt;/fetch&gt;\r\n{% endfetchxml %}\r\n{% if fields.results and fields.results.entities and fields.results.entities.size &gt; 0 %}\r\n{\"fields\":\r\n[{% for field in fields.results.entities %}\r\n{\r\n\"id\" : \"{{field.contoso_formfieldid}}\",\r\n \"title\" : \"{{field.contoso_title}}\",\r\n \"required\" : \"{{field.contoso_required}}\",\r\n \"type\" : \"{{field.contoso_fieldtype.label}}\",\r\n \"choices\" : \"{{field.contoso_choices}}\"\r\n}{% unless forloop.last %},{% endunless %}\r\n{% endfor %}]}\r\n{% endif %}\r\n{% endif %}",
  "mimetype": "application/json"
}</content>
  <iscustomizable>1</iscustomizable>
  <name>GetFormFieldsById</name>
  <powerpagecomponenttype>8</powerpagecomponenttype>
  <powerpagesiteid>
    <powerpagesiteid>da288a74-c278-4c57-b1dc-dc018921f413</powerpagesiteid>
  </powerpagesiteid>
  <statecode>0</statecode>
  <statuscode>1</statuscode>
</powerpagecomponent>