<powerpagecomponent powerpagecomponentid="e1df4b3f-86be-4117-8b4a-9cef49d6c347">
  <content>{"createdOn":"2024-08-02T11:44:48.173Z","parentpageid":"29e45e1a-1bb4-4435-94ce-e5225065b663","publishingstateid":"ac67d233-e1f8-4ca9-84fa-46689b641660","partialurl":"zacustom.css","title":"","summary":"","enabletracking":false,"excludefromsearch":false,"hiddenfromsitemap":false,"displayorder":3,"setHighestDisplayOrder":false}</content>
  <filecontent mimetype="text/css">zacustom.css</filecontent>
  <iscustomizable>1</iscustomizable>
  <name>zacustom.css</name>
  <powerpagecomponenttype>3</powerpagecomponenttype>
  <powerpagesiteid>
    <powerpagesiteid>da288a74-c278-4c57-b1dc-dc018921f413</powerpagesiteid>
  </powerpagesiteid>
  <statecode>0</statecode>
  <statuscode>1</statuscode>
</powerpagecomponent>