<powerpagecomponent powerpagecomponentid="aa404feb-d850-ef11-a316-6045bd00d581">
  <content>{
  "isdefault": false,
  "usewebsiteheaderandfooter": false,
  "type": 756150001,
  "webtemplateid": "6486a582-d850-ef11-a316-6045bd00d581"
}</content>
  <iscustomizable>1</iscustomizable>
  <name>Get Form Fields</name>
  <powerpagecomponenttype>6</powerpagecomponenttype>
  <powerpagesiteid>
    <powerpagesiteid>da288a74-c278-4c57-b1dc-dc018921f413</powerpagesiteid>
  </powerpagesiteid>
  <statecode>0</statecode>
  <statuscode>1</statuscode>
</powerpagecomponent>