<powerpagecomponent powerpagecomponentid="0885b7b7-0015-465e-b522-acdbf1dcc0a3">
  <content>{"enabletracking":false,"excludefromsearch":false,"hiddenfromsitemap":false,"parentpageid":"29e45e1a-1bb4-4435-94ce-e5225065b663","partialurl":"Logo-sm-64.png","publishingstateid":"ac67d233-e1f8-4ca9-84fa-46689b641660"}</content>
  <filecontent mimetype="application/octet-stream">Logo-sm-64.png</filecontent>
  <iscustomizable>1</iscustomizable>
  <name>Logo-sm-64.png</name>
  <powerpagecomponenttype>3</powerpagecomponenttype>
  <powerpagesiteid>
    <powerpagesiteid>da288a74-c278-4c57-b1dc-dc018921f413</powerpagesiteid>
  </powerpagesiteid>
  <statecode>0</statecode>
  <statuscode>1</statuscode>
</powerpagecomponent>