<powerpagesitelanguages>
  <powerpagesitelanguage powerpagesitelanguageid="37d75aa8-59a8-4467-bc51-8eae70734c25">
    <content>{"publishingstate":"ac67d233-e1f8-4ca9-84fa-46689b641660","systemlanguage":1033}</content>
    <displayname>English</displayname>
    <iscustomizable>1</iscustomizable>
    <languagecode>en-US</languagecode>
    <lcid>1033</lcid>
    <name>English</name>
    <powerpagesiteid>
      <powerpagesiteid>da288a74-c278-4c57-b1dc-dc018921f413</powerpagesiteid>
    </powerpagesiteid>
    <statecode>0</statecode>
    <statuscode>1</statuscode>
  </powerpagesitelanguage>
</powerpagesitelanguages>