<powerpagesites>
  <powerpagesite powerpagesiteid="da288a74-c278-4c57-b1dc-dc018921f413">
    <content>{"defaultlanguage":"37d75aa8-59a8-4467-bc51-8eae70734c25","footerwebtemplateid":"c9c36e36-ffd8-415e-9af1-4a6b49e4aff5","headerwebtemplateid":"285488a8-cd3d-40fd-a862-70e50ba6f9db","website_language":1033,"defaultbotconsumerid":"a5e0aae5-c150-ef11-a316-6045bd00d581"}</content>
    <datamodelversion>2.0</datamodelversion>
    <iscustomizable>1</iscustomizable>
    <name>Government Services - site-c64rl</name>
    <primarydomainname>site-c64rl.powerappsportals.com</primarydomainname>
    <statecode>0</statecode>
    <statuscode>1</statuscode>
  </powerpagesite>
</powerpagesites>