<powerpagecomponent powerpagecomponentid="c4b31b39-ffe1-4955-bd25-e44d9221f94b">
  <content>{"displayorder":1,"enabletracking":false,"excludefromsearch":true,"hiddenfromsitemap":true,"parentpageid":"29e45e1a-1bb4-4435-94ce-e5225065b663","partialurl":"bootstrap.min.css","publishingstateid":"ac67d233-e1f8-4ca9-84fa-46689b641660"}</content>
  <filecontent mimetype="application/octet-stream">bootstrap.min.css</filecontent>
  <iscustomizable>1</iscustomizable>
  <name>bootstrap.min.css</name>
  <powerpagecomponenttype>3</powerpagecomponenttype>
  <powerpagesiteid>
    <powerpagesiteid>da288a74-c278-4c57-b1dc-dc018921f413</powerpagesiteid>
  </powerpagesiteid>
  <statecode>0</statecode>
  <statuscode>1</statuscode>
</powerpagecomponent>