<powerpagecomponent powerpagecomponentid="8556562c-930b-4edb-9971-0a6bb31df2bf">
  <content>{"description":"The amount of time the IP address will have to wait if Authentication/LoginThrottling/MaxInvaildAttemptsFromIPAddress occur within Authentication/LoginThrottling/MaxAttemptsTimeLimitTimeSpan amount of time. Default: 00:10:00 (10 mins)","value":"00:10:00"}</content>
  <iscustomizable>1</iscustomizable>
  <name>Authentication/LoginThrottling/IpAddressTimeoutTimeSpan</name>
  <powerpagecomponenttype>9</powerpagecomponenttype>
  <powerpagesiteid>
    <powerpagesiteid>da288a74-c278-4c57-b1dc-dc018921f413</powerpagesiteid>
  </powerpagesiteid>
  <statecode>0</statecode>
  <statuscode>1</statuscode>
</powerpagecomponent>