<powerpagecomponent powerpagecomponentid="e9e63e6a-15eb-4971-9a47-85cd913c9ac4">
  <content>{"modifiedon":"2024-08-02T11:24:59Z","displayorder":10,"enabletracking":false,"excludefromsearch":true,"hiddenfromsitemap":false,"parentpageid":"29e45e1a-1bb4-4435-94ce-e5225065b663","partialurl":"portalbasictheme.css","publishingstateid":"ac67d233-e1f8-4ca9-84fa-46689b641660"}</content>
  <filecontent mimetype="text/css">portalbasictheme.css</filecontent>
  <iscustomizable>1</iscustomizable>
  <name>portalbasictheme.css</name>
  <powerpagecomponenttype>3</powerpagecomponenttype>
  <powerpagesiteid>
    <powerpagesiteid>da288a74-c278-4c57-b1dc-dc018921f413</powerpagesiteid>
  </powerpagesiteid>
  <statecode>0</statecode>
  <statuscode>1</statuscode>
</powerpagecomponent>