<powerpagecomponent powerpagecomponentid="d5911683-cdf9-4879-9ad5-5bb405754d8b">
  <content>{
  "filecontent": null,
  "componentid": "d5911683-cdf9-4879-9ad5-5bb405754d8b",
  "componenttype": 34,
  "uxcomponenttype": "CardGallery",
  "params": "{\"layout\":{\"id\":\"layout2\",\"options\":{\"rearrangeEnabled\":{\"image\":false,\"title\":true,\"description\":true,\"button\":true,\"textHyperlink\":true},\"hidden\":{\"image\":false,\"title\":false,\"description\":false,\"button\":false,\"textHyperlink\":true},\"index\":{\"image\":0,\"title\":1,\"description\":2,\"button\":3,\"textHyperlink\":4},\"searchEnabled\":false,\"buttonLinkAdjacent\":false},\"configurations\":{\"gallery\":{\"type\":\"grid\",\"overflow\":\"scroll\",\"cards\":{\"elements\":{\"button\":{\"openInNewTab\":false},\"textHyperlink\":{\"openInNewTab\":false},\"title\":\"h3\"}}}}},\"data\":{\"entityLogicalName\":\"contoso_servicecategory\",\"viewId\":\"e09155df-2c53-ef11-a316-00224808c328\",\"elements\":{\"image\":\"\",\"title\":\"contoso_name\",\"description\":\"contoso_description\",\"button\":{\"label\":\"contoso_name\",\"hyperlink\":\"contoso_image\"},\"textHyperlink\":{\"label\":\"\",\"hyperlink\":\"\"}}},\"name\":\"\"}",
  "copy": "undefined"
}</content>
  <iscustomizable>1</iscustomizable>
  <name>Web List - Active Service Categories</name>
  <powerpagecomponenttype>34</powerpagecomponenttype>
  <powerpagesiteid>
    <powerpagesiteid>da288a74-c278-4c57-b1dc-dc018921f413</powerpagesiteid>
  </powerpagesiteid>
  <statecode>0</statecode>
  <statuscode>1</statuscode>
</powerpagecomponent>