<powerpagecomponent powerpagecomponentid="f412c1d9-a8d4-bf06-9a66-68ba2e731dc9">
  <content>{
  "displayorder": 4,
  "customcss": "",
  "customjavascript": "",
  "pagetemplateid": "88677561-8643-4620-a573-ae47cbbe2c51",
  "parentpageid": "29e45e1a-1bb4-4435-94ce-e5225065b663",
  "partialurl": "My-Submissions",
  "isroot": true,
  "title": "My Submissions",
  "summary": "&lt;p&gt;This is a sample landing page designed to be a starting point for your website&lt;/p&gt;",
  "copy": "",
  "publishingstateid": "ac67d233-e1f8-4ca9-84fa-46689b641660",
  "enablerating": false,
  "enabletracking": false,
  "excludefromsearch": false,
  "hiddenfromsitemap": true,
  "sharedpageconfiguration": false
}</content>
  <iscustomizable>1</iscustomizable>
  <name>My Submissions</name>
  <powerpagecomponenttype>2</powerpagecomponenttype>
  <powerpagesiteid>
    <powerpagesiteid>da288a74-c278-4c57-b1dc-dc018921f413</powerpagesiteid>
  </powerpagesiteid>
  <searchcontent>My SubmissionsMy Submissions</searchcontent>
  <statecode>0</statecode>
  <statuscode>1</statuscode>
</powerpagecomponent>