<powerpagecomponent powerpagecomponentid="7c50b6dc-5e01-4653-a270-3c8c11cb5b40">
  <content>{"displayorder":2,"enabletracking":false,"excludefromsearch":true,"hiddenfromsitemap":false,"parentpageid":"29e45e1a-1bb4-4435-94ce-e5225065b663","partialurl":"theme.css","publishingstateid":"ac67d233-e1f8-4ca9-84fa-46689b641660"}</content>
  <filecontent mimetype="application/octet-stream">theme.css</filecontent>
  <iscustomizable>1</iscustomizable>
  <name>theme.css</name>
  <powerpagecomponenttype>3</powerpagecomponenttype>
  <powerpagesiteid>
    <powerpagesiteid>da288a74-c278-4c57-b1dc-dc018921f413</powerpagesiteid>
  </powerpagesiteid>
  <statecode>0</statecode>
  <statuscode>1</statuscode>
</powerpagecomponent>