<powerpagecomponent powerpagecomponentid="3d6cc2cc-f90e-4ddc-a916-8e5a73d35e69">
  <content>{"disablepagevalidation":false,"displayimageonly":false,"displayorder":1,"displaypagechildlinks":false,"openinnewwindow":false,"pageid":"29e45e1a-1bb4-4435-94ce-e5225065b663","publishingstateid":"ac67d233-e1f8-4ca9-84fa-46689b641660","robotsfollowlink":true,"weblinksetid":"2b93bb2f-209e-4b90-973c-14c653122e3c"}</content>
  <iscustomizable>1</iscustomizable>
  <name>Home</name>
  <powerpagecomponenttype>5</powerpagecomponenttype>
  <powerpagesiteid>
    <powerpagesiteid>da288a74-c278-4c57-b1dc-dc018921f413</powerpagesiteid>
  </powerpagesiteid>
  <statecode>0</statecode>
  <statuscode>1</statuscode>
</powerpagecomponent>