<powerpagecomponent powerpagecomponentid="91c73aed-3271-4507-9200-aa080ede29d5">
  <content>{"enablerating":false,"enabletracking":false,"excludefromsearch":false,"hiddenfromsitemap":true,"isroot":false,"pagetemplateid":"4fa1eb3b-587b-49d7-8090-a6f616566c57","parentpageid":"29e45e1a-1bb4-4435-94ce-e5225065b663","partialurl":"search","publishingstateid":"ac67d233-e1f8-4ca9-84fa-46689b641660","rootwebpageid":"f61806f0-df19-46b6-b384-a95b462da596","sharedpageconfiguration":false,"copy":"{% include 'Breadcrumbs' %}"}</content>
  <iscustomizable>1</iscustomizable>
  <name>Search</name>
  <powerpagecomponenttype>2</powerpagecomponenttype>
  <powerpagesiteid>
    <powerpagesiteid>da288a74-c278-4c57-b1dc-dc018921f413</powerpagesiteid>
  </powerpagesiteid>
  <powerpagesitelanguageid>
    <powerpagesitelanguageid>37d75aa8-59a8-4467-bc51-8eae70734c25</powerpagesitelanguageid>
  </powerpagesitelanguageid>
  <searchcontent>{% include 'Breadcrumbs' %}Search</searchcontent>
  <statecode>0</statecode>
  <statuscode>1</statuscode>
</powerpagecomponent>