<ImportExportXml version="9.2.24064.210" SolutionPackageVersion="9.2" languagecode="1033" generatedBy="CrmLive" xmlns:xsi="http://www.w3.org/2001/XMLSchema-instance">
  <SolutionManifest>
    <UniqueName>GovernmentOnlineServicesPortal</UniqueName>
    <LocalizedNames>
      <LocalizedName description="Government Online Services Portal" languagecode="1033" />
    </LocalizedNames>
    <Descriptions />
    <Version>1.0.0.2</Version>
    <Managed>0</Managed>
    <Publisher>
      <UniqueName>Contoso</UniqueName>
      <LocalizedNames>
        <LocalizedName description="Contoso" languagecode="1033" />
      </LocalizedNames>
      <Descriptions>
        <Description description="Contoso" languagecode="1033" />
      </Descriptions>
      <EMailAddress xsi:nil="true"></EMailAddress>
      <SupportingWebsiteUrl xsi:nil="true"></SupportingWebsiteUrl>
      <CustomizationPrefix>contoso</CustomizationPrefix>
      <CustomizationOptionValuePrefix>92994</CustomizationOptionValuePrefix>
      <Addresses>
        <Address>
          <AddressNumber>1</AddressNumber>
          <AddressTypeCode>1</AddressTypeCode>
          <City xsi:nil="true"></City>
          <County xsi:nil="true"></County>
          <Country xsi:nil="true"></Country>
          <Fax xsi:nil="true"></Fax>
          <FreightTermsCode xsi:nil="true"></FreightTermsCode>
          <ImportSequenceNumber xsi:nil="true"></ImportSequenceNumber>
          <Latitude xsi:nil="true"></Latitude>
          <Line1 xsi:nil="true"></Line1>
          <Line2 xsi:nil="true"></Line2>
          <Line3 xsi:nil="true"></Line3>
          <Longitude xsi:nil="true"></Longitude>
          <Name xsi:nil="true"></Name>
          <PostalCode xsi:nil="true"></PostalCode>
          <PostOfficeBox xsi:nil="true"></PostOfficeBox>
          <PrimaryContactName xsi:nil="true"></PrimaryContactName>
          <ShippingMethodCode>1</ShippingMethodCode>
          <StateOrProvince xsi:nil="true"></StateOrProvince>
          <Telephone1 xsi:nil="true"></Telephone1>
          <Telephone2 xsi:nil="true"></Telephone2>
          <Telephone3 xsi:nil="true"></Telephone3>
          <TimeZoneRuleVersionNumber xsi:nil="true"></TimeZoneRuleVersionNumber>
          <UPSZone xsi:nil="true"></UPSZone>
          <UTCOffset xsi:nil="true"></UTCOffset>
          <UTCConversionTimeZoneCode xsi:nil="true"></UTCConversionTimeZoneCode>
        </Address>
        <Address>
          <AddressNumber>2</AddressNumber>
          <AddressTypeCode>1</AddressTypeCode>
          <City xsi:nil="true"></City>
          <County xsi:nil="true"></County>
          <Country xsi:nil="true"></Country>
          <Fax xsi:nil="true"></Fax>
          <FreightTermsCode xsi:nil="true"></FreightTermsCode>
          <ImportSequenceNumber xsi:nil="true"></ImportSequenceNumber>
          <Latitude xsi:nil="true"></Latitude>
          <Line1 xsi:nil="true"></Line1>
          <Line2 xsi:nil="true"></Line2>
          <Line3 xsi:nil="true"></Line3>
          <Longitude xsi:nil="true"></Longitude>
          <Name xsi:nil="true"></Name>
          <PostalCode xsi:nil="true"></PostalCode>
          <PostOfficeBox xsi:nil="true"></PostOfficeBox>
          <PrimaryContactName xsi:nil="true"></PrimaryContactName>
          <ShippingMethodCode>1</ShippingMethodCode>
          <StateOrProvince xsi:nil="true"></StateOrProvince>
          <Telephone1 xsi:nil="true"></Telephone1>
          <Telephone2 xsi:nil="true"></Telephone2>
          <Telephone3 xsi:nil="true"></Telephone3>
          <TimeZoneRuleVersionNumber xsi:nil="true"></TimeZoneRuleVersionNumber>
          <UPSZone xsi:nil="true"></UPSZone>
          <UTCOffset xsi:nil="true"></UTCOffset>
          <UTCConversionTimeZoneCode xsi:nil="true"></UTCConversionTimeZoneCode>
        </Address>
      </Addresses>
    </Publisher>
    <RootComponents />
    <MissingDependencies>
      <MissingDependency>
        <Required type="1" schemaName="contoso_formfield" displayName="Form Field" solution="Active" />
        <Dependent type="powerpagecomponent" id="{c7ecd870-7652-49ea-a661-7200fe2be841}" />
      </MissingDependency>
      <MissingDependency>
        <Required type="1" schemaName="contoso_governmentdepartment" displayName="Department" solution="Active" />
        <Dependent type="powerpagecomponent" id="{95e6034b-dd24-4cb2-8001-b8d6fe475e9b}" />
      </MissingDependency>
      <MissingDependency>
        <Required type="1" schemaName="contoso_onlineservicedocument" displayName="Online Service Document" solution="Active" />
        <Dependent type="powerpagecomponent" id="{06915812-a487-4c61-a9c9-02990a45f730}" />
      </MissingDependency>
      <MissingDependency>
        <Required type="1" schemaName="contoso_service" displayName="Service" solution="Active" />
        <Dependent type="powerpagecomponent" id="{15178659-e5eb-4e25-86e3-b19f0c41c03e}" />
      </MissingDependency>
      <MissingDependency>
        <Required type="1" schemaName="contoso_serviceaddress" displayName="Service Address" solution="Active" />
        <Dependent type="powerpagecomponent" id="{d50a34b1-05ef-41c3-89b0-a5bfeacc5d7d}" />
      </MissingDependency>
      <MissingDependency>
        <Required type="1" schemaName="contoso_servicecategory" displayName="Service Category" solution="Active" />
        <Dependent type="powerpagecomponent" id="{cfa1c555-afbb-4dda-a7cb-b0b2295d0c39}" />
      </MissingDependency>
      <MissingDependency>
        <Required type="1" schemaName="contoso_submission" displayName="Submission" solution="Active" />
        <Dependent type="powerpagecomponent" id="{038eed51-2e3c-4ea2-8479-335aabb2f1cc}" />
      </MissingDependency>
      <MissingDependency>
        <Required type="1" schemaName="contoso_submission" displayName="Submission" solution="Active" />
        <Dependent type="powerpagecomponent" id="{aa17f47c-1753-ef11-a316-00224808c328}" />
      </MissingDependency>
      <MissingDependency>
        <Required type="1" schemaName="contoso_submission" displayName="Submission" solution="Active" />
        <Dependent type="powerpagecomponent" id="{b3dc5d21-9801-4ba6-b97a-b6a12e756d49}" />
      </MissingDependency>
      <MissingDependency>
        <Required type="1" schemaName="contoso_submission" displayName="Submission" solution="Active" />
        <Dependent type="powerpagecomponent" id="{f69bbd0f-1853-ef11-a316-00224808c328}" />
      </MissingDependency>
      <MissingDependency>
        <Required type="26" schemaName="Web View - My Submissions" displayName="Web View - My Submissions" parentSchemaName="contoso_submission" parentDisplayName="Submission" solution="Active" id="{d2f71b33-8a4d-ef11-a317-000d3a8bad60}" />
        <Dependent type="powerpagecomponent" id="{038eed51-2e3c-4ea2-8479-335aabb2f1cc}" />
      </MissingDependency>
      <MissingDependency>
        <Required type="60" displayName="Web - Advanced Submission Authenticated" parentDisplayName="Submission" solution="Active" id="{91d1ccd5-ad54-ef11-a316-00224808c328}" />
        <Dependent type="powerpagecomponent" id="{f69bbd0f-1853-ef11-a316-00224808c328}" />
      </MissingDependency>
      <MissingDependency>
        <Required type="60" displayName="Web - Basic Submission Authenticated" parentDisplayName="Submission" solution="Active" id="{c11164b4-504a-ef11-bfe3-7c1e5234e360}" />
        <Dependent type="powerpagecomponent" id="{aa17f47c-1753-ef11-a316-00224808c328}" />
      </MissingDependency>
    </MissingDependencies>
  </SolutionManifest>
</ImportExportXml>