<powerpagecomponent powerpagecomponentid="97d4f794-ac8d-04b9-e80e-538ac1936224">
  <content>{"modifiedon":"2024-08-02T11:52:27Z","createdOn":"2024-08-02T11:52:20.426Z","parentpageid":"29e45e1a-1bb4-4435-94ce-e5225065b663","publishingstateid":"ac67d233-e1f8-4ca9-84fa-46689b641660","partialurl":"BLUE-1.scss","title":"","summary":"BLUE_DESCRIPTION","enabletracking":false,"excludefromsearch":false,"hiddenfromsitemap":false}</content>
  <filecontent mimetype="application/octet-stream">BLUE%20(1)</filecontent>
  <iscustomizable>1</iscustomizable>
  <name>BLUE (1)</name>
  <powerpagecomponenttype>3</powerpagecomponenttype>
  <powerpagesiteid>
    <powerpagesiteid>da288a74-c278-4c57-b1dc-dc018921f413</powerpagesiteid>
  </powerpagesiteid>
  <statecode>0</statecode>
  <statuscode>1</statuscode>
</powerpagecomponent>