<powerpagecomponent powerpagecomponentid="840d6792-3630-4195-b6f4-112bb1e3b015">
  <content>{"enablerating":false,"enabletracking":false,"excludefromsearch":false,"hiddenfromsitemap":true,"isroot":true,"pagetemplateid":"c340576d-4397-465e-b1b3-ceec22d9d54d","parentpageid":"29e45e1a-1bb4-4435-94ce-e5225065b663","partialurl":"profile","publishingstateid":"ac67d233-e1f8-4ca9-84fa-46689b641660","sharedpageconfiguration":false,"title":"Profile"}</content>
  <iscustomizable>1</iscustomizable>
  <name>Profile</name>
  <powerpagecomponenttype>2</powerpagecomponenttype>
  <powerpagesiteid>
    <powerpagesiteid>da288a74-c278-4c57-b1dc-dc018921f413</powerpagesiteid>
  </powerpagesiteid>
  <searchcontent>ProfileProfile</searchcontent>
  <statecode>0</statecode>
  <statuscode>1</statuscode>
</powerpagecomponent>