<powerpagecomponent powerpagecomponentid="6d822c98-2ec5-473d-94fa-619b62951ef5">
  <content>{"source":"&lt;!-- Default studio template. Please do not modify --&gt;\r\n&lt;div id=\"mainContent\" class=\"wrapper-body\" role=\"main\"&gt;\r\n    &lt;div class=\"page-copy\"&gt;\r\n      {% editable page 'adx_copy' type: 'html', liquid: true %}\r\n    &lt;/div&gt;\r\n&lt;/div&gt;"}</content>
  <iscustomizable>1</iscustomizable>
  <name>Default studio template</name>
  <powerpagecomponenttype>8</powerpagecomponenttype>
  <powerpagesiteid>
    <powerpagesiteid>da288a74-c278-4c57-b1dc-dc018921f413</powerpagesiteid>
  </powerpagesiteid>
  <statecode>0</statecode>
  <statuscode>1</statuscode>
</powerpagecomponent>