<powerpagecomponent powerpagecomponentid="2045be4c-d5fd-4150-bb1c-ba60654fd32e">
  <content>{"display_name":"Footer","type":756150001,"value":"&lt;p&gt;Copyright © {{ now | date: 'yyyy' }}. All rights reserved.&lt;/p&gt;"}</content>
  <iscustomizable>1</iscustomizable>
  <name>Footer</name>
  <powerpagecomponenttype>7</powerpagecomponenttype>
  <powerpagesiteid>
    <powerpagesiteid>da288a74-c278-4c57-b1dc-dc018921f413</powerpagesiteid>
  </powerpagesiteid>
  <powerpagesitelanguageid>
    <powerpagesitelanguageid>37d75aa8-59a8-4467-bc51-8eae70734c25</powerpagesitelanguageid>
  </powerpagesitelanguageid>
  <statecode>0</statecode>
  <statuscode>1</statuscode>
</powerpagecomponent>