<powerpagecomponent powerpagecomponentid="29e45e1a-1bb4-4435-94ce-e5225065b663">
  <content>{"displayorder":1,"enablerating":false,"enabletracking":false,"excludefromsearch":false,"feedbackpolicy":756150005,"hiddenfromsitemap":false,"isroot":true,"pagetemplateid":"88677561-8643-4620-a573-ae47cbbe2c51","partialurl":"/","publishingstateid":"ac67d233-e1f8-4ca9-84fa-46689b641660","sharedpageconfiguration":false,"title":"Home"}</content>
  <iscustomizable>1</iscustomizable>
  <name>Home</name>
  <powerpagecomponenttype>2</powerpagecomponenttype>
  <powerpagesiteid>
    <powerpagesiteid>da288a74-c278-4c57-b1dc-dc018921f413</powerpagesiteid>
  </powerpagesiteid>
  <searchcontent>HomeHome</searchcontent>
  <statecode>0</statecode>
  <statuscode>1</statuscode>
</powerpagecomponent>