<powerpagecomponent powerpagecomponentid="d50a34b1-05ef-41c3-89b0-a5bfeacc5d7d">
  <content>{
  "entityname": "View Service Addresses",
  "entitylogicalname": "contoso_serviceaddress",
  "scope": 756150000,
  "append": false,
  "appendto": false,
  "delete": false,
  "read": true,
  "create": false,
  "write": false,
  "parentrelationship": null,
  "parententitypermission": null,
  "contactrelationship": null,
  "accountrelationship": null,
  "childTablePermissions": [],
  "adx_entitypermission_webrole": [
    "99e7a741-f730-40e9-a426-43b884b78878",
    "e8164153-fd34-4361-b8b9-683b9a5329cb",
    "13109e36-d582-4ce4-9a3e-f568b6bb413c"
  ],
  "copy": "undefined"
}</content>
  <iscustomizable>1</iscustomizable>
  <name>View Service Addresses</name>
  <powerpagecomponenttype>18</powerpagecomponenttype>
  <powerpagesiteid>
    <powerpagesiteid>da288a74-c278-4c57-b1dc-dc018921f413</powerpagesiteid>
  </powerpagesiteid>
  <statecode>0</statecode>
  <statuscode>1</statuscode>
</powerpagecomponent>