<powerpagecomponent powerpagecomponentid="88677561-8643-4620-a573-ae47cbbe2c51">
  <content>{"description":"Blank Template","entityname":"adx_webpage","isdefault":false,"type":756150001,"usewebsiteheaderandfooter":true,"webtemplateid":"6d822c98-2ec5-473d-94fa-619b62951ef5"}</content>
  <iscustomizable>1</iscustomizable>
  <name>Default studio template</name>
  <powerpagecomponenttype>6</powerpagecomponenttype>
  <powerpagesiteid>
    <powerpagesiteid>da288a74-c278-4c57-b1dc-dc018921f413</powerpagesiteid>
  </powerpagesiteid>
  <statecode>0</statecode>
  <statuscode>1</statuscode>
</powerpagecomponent>