<powerpagecomponent powerpagecomponentid="3e730dd8-f153-ef11-a316-00224808c328">
  <content>{
  "partialurl": "icon-pdf.svg",
  "excludefromsearch": false,
  "hiddenfromsitemap": false,
  "contentdisposition": 756150000,
  "publishingstateid": "ac67d233-e1f8-4ca9-84fa-46689b641660",
  "parentpageid": "29e45e1a-1bb4-4435-94ce-e5225065b663"
}</content>
  <filecontent mimetype="image/svg+xml">pdf.svg</filecontent>
  <iscustomizable>1</iscustomizable>
  <name>IconPDF</name>
  <powerpagecomponenttype>3</powerpagecomponenttype>
  <powerpagesiteid>
    <powerpagesiteid>da288a74-c278-4c57-b1dc-dc018921f413</powerpagesiteid>
  </powerpagesiteid>
  <statecode>0</statecode>
  <statuscode>1</statuscode>
</powerpagecomponent>