<powerpagecomponent powerpagecomponentid="f65eb815-1d66-4b5f-b472-4f203543770c">
  <content>{"source":"&lt;ul class=\"dropdown-menu\" role=\"menu\"&gt;\r\n  {% assign ordered_languages = page.languages | order_by: \"name\" %}\r\n  {% for language in ordered_languages %}\r\n    &lt;li role=\"menuitem\"&gt;\r\n      &lt;a class=\"dropdown-item\"  href=\"/{{ language.url_substitution }}\" title=\"{{ language.name }}\" data-code=\"{{ language.code }}\"&gt;{{ language.name }}&lt;/a&gt;\r\n    &lt;/li&gt;\r\n  {% endfor %}\r\n&lt;/ul&gt;"}</content>
  <iscustomizable>1</iscustomizable>
  <name>Languages Dropdown</name>
  <powerpagecomponenttype>8</powerpagecomponenttype>
  <powerpagesiteid>
    <powerpagesiteid>da288a74-c278-4c57-b1dc-dc018921f413</powerpagesiteid>
  </powerpagesiteid>
  <statecode>0</statecode>
  <statuscode>1</statuscode>
</powerpagecomponent>