<powerpagecomponent powerpagecomponentid="c5259e78-0083-4d26-a9c6-f77e16f28fe8">
  <content>{
  "filecontent": null,
  "copy": "{% include 'Breadcrumbs' %}{% include 'List Service Categories' %}\n&lt;div class=\"row sectionBlockLayout text-start\" style=\"display: flex; flex-wrap: wrap; margin: 0px; min-height: auto; padding: 8px;\"&gt;\n  &lt;div class=\"container\" style=\"padding: 0px; display: flex; flex-wrap: wrap;\"&gt;&lt;div class=\"col-lg-12 columnBlockLayout\" style=\"flex-grow: 1; display: flex; flex-direction: column; min-width: 250px; word-break: break-word;\"&gt;&lt;/div&gt;&lt;/div&gt;\n&lt;/div&gt;\n",
  "displayorder": 1,
  "enablerating": false,
  "enabletracking": false,
  "excludefromsearch": false,
  "feedbackpolicy": 756150005,
  "hiddenfromsitemap": false,
  "isroot": false,
  "pagetemplateid": "88677561-8643-4620-a573-ae47cbbe2c51",
  "partialurl": "/",
  "publishingstateid": "ac67d233-e1f8-4ca9-84fa-46689b641660",
  "rootwebpageid": "29e45e1a-1bb4-4435-94ce-e5225065b663",
  "sharedpageconfiguration": false,
  "summary": "&lt;p&gt;This is a sample landing page for you to start creating your website.&lt;/p&gt;",
  "title": "Home",
  "parentpageid": null
}</content>
  <iscustomizable>1</iscustomizable>
  <name>Home</name>
  <powerpagecomponenttype>2</powerpagecomponenttype>
  <powerpagesiteid>
    <powerpagesiteid>da288a74-c278-4c57-b1dc-dc018921f413</powerpagesiteid>
  </powerpagesiteid>
  <powerpagesitelanguageid>
    <powerpagesitelanguageid>37d75aa8-59a8-4467-bc51-8eae70734c25</powerpagesitelanguageid>
  </powerpagesitelanguageid>
  <searchcontent>Home{% include 'Breadcrumbs' %}{% include 'List Service Categories' %}
&lt;div class="row sectionBlockLayout text-start" style="display: flex; flex-wrap: wrap; margin: 0px; min-height: auto; padding: 8px;"&gt;
  &lt;div class="container" style="padding: 0px; display: flex; flex-wrap: wrap;"&gt;&lt;div class="col-lg-12 columnBlockLayout" style="flex-grow: 1; display: flex; flex-direction: column; min-width: 250px; word-break: break-word;"&gt;&lt;/div&gt;&lt;/div&gt;
&lt;/div&gt;
Home</searchcontent>
  <statecode>0</statecode>
  <statuscode>1</statuscode>
</powerpagecomponent>