<powerpagecomponent powerpagecomponentid="e9b45d71-09c6-5a0a-8761-e478fbfc16c3">
  <content>{
  "type": 756150000,
  "display_name": "Logo URL",
  "value": "/Logo-sm-64.png",
  "copy": "undefined"
}</content>
  <iscustomizable>1</iscustomizable>
  <name>Logo URL</name>
  <powerpagecomponenttype>7</powerpagecomponenttype>
  <powerpagesiteid>
    <powerpagesiteid>da288a74-c278-4c57-b1dc-dc018921f413</powerpagesiteid>
  </powerpagesiteid>
  <powerpagesitelanguageid>
    <powerpagesitelanguageid>37d75aa8-59a8-4467-bc51-8eae70734c25</powerpagesitelanguageid>
  </powerpagesitelanguageid>
  <statecode>1</statecode>
  <statuscode>2</statuscode>
</powerpagecomponent>