<powerpagecomponent powerpagecomponentid="a1783218-67e7-52b4-9502-359f480e7000">
  <content>{
  "webpageid": "f412c1d9-a8d4-bf06-9a66-68ba2e731dc9",
  "right": 2,
  "scope": 1,
  "adx_webpageaccesscontrolrule_webrole": [
    "e8164153-fd34-4361-b8b9-683b9a5329cb",
    "13109e36-d582-4ce4-9a3e-f568b6bb413c"
  ],
  "copy": "undefined"
}</content>
  <iscustomizable>1</iscustomizable>
  <name>Restrict Read on My Submissions</name>
  <powerpagecomponenttype>10</powerpagecomponenttype>
  <powerpagesiteid>
    <powerpagesiteid>da288a74-c278-4c57-b1dc-dc018921f413</powerpagesiteid>
  </powerpagesiteid>
  <statecode>0</statecode>
  <statuscode>1</statuscode>
</powerpagecomponent>