<powerpagecomponent powerpagecomponentid="4da21573-c100-4a52-a7b7-aa564fe043b8">
  <content>{"description":"Set whether the footer web template is output cached.","value":"True"}</content>
  <iscustomizable>1</iscustomizable>
  <name>Footer/OutputCache/Enabled</name>
  <powerpagecomponenttype>9</powerpagecomponenttype>
  <powerpagesiteid>
    <powerpagesiteid>da288a74-c278-4c57-b1dc-dc018921f413</powerpagesiteid>
  </powerpagesiteid>
  <statecode>0</statecode>
  <statuscode>1</statuscode>
</powerpagecomponent>