<powerpagecomponent powerpagecomponentid="7cafbf08-d99c-1e79-2d0c-311f31e3d8e3">
  <content>{
  "displayorder": 2,
  "weblinksetid": "2b93bb2f-209e-4b90-973c-14c653122e3c",
  "pageid": "e147e168-357f-9019-abfb-a1c2a4a3ee7f",
  "publishingstateid": "ac67d233-e1f8-4ca9-84fa-46689b641660",
  "displaypagevalidation": false,
  "displayimageonly": false,
  "displaypagechildlinks": false,
  "openinnewwindow": false,
  "robotsfollowlink": true,
  "copy": "undefined"
}</content>
  <iscustomizable>1</iscustomizable>
  <name>Services</name>
  <powerpagecomponenttype>5</powerpagecomponenttype>
  <powerpagesiteid>
    <powerpagesiteid>da288a74-c278-4c57-b1dc-dc018921f413</powerpagesiteid>
  </powerpagesiteid>
  <statecode>1</statecode>
  <statuscode>2</statuscode>
</powerpagecomponent>