<powerpagecomponent powerpagecomponentid="d1a98976-505c-4d70-bb60-7bf09e72b948">
  <content>{"description":"The default number of unauthenticated login attempts from an IP address before the IP address is blocked for Authentication/LoginThrottling/IpAddressTimeoutTimeSpan if the attempts occur within Authentication/LoginThrottling/MaxAttemptsTimeLimitTimeSpan amount of time. Default: 1000","value":"1000"}</content>
  <iscustomizable>1</iscustomizable>
  <name>Authentication/LoginThrottling/MaxInvaildAttemptsFromIPAddress</name>
  <powerpagecomponenttype>9</powerpagecomponenttype>
  <powerpagesiteid>
    <powerpagesiteid>da288a74-c278-4c57-b1dc-dc018921f413</powerpagesiteid>
  </powerpagesiteid>
  <statecode>0</statecode>
  <statuscode>1</statuscode>
</powerpagecomponent>