<powerpagecomponent powerpagecomponentid="a9d78fb3-a4c5-472f-bf4f-470925f29f9c">
  <content>{"enablerating":false,"enabletracking":false,"excludefromsearch":true,"hiddenfromsitemap":true,"isroot":true,"pagetemplateid":"88677561-8643-4620-a573-ae47cbbe2c51","parentpageid":"29e45e1a-1bb4-4435-94ce-e5225065b663","partialurl":"page-not-found","publishingstateid":"ac67d233-e1f8-4ca9-84fa-46689b641660","sharedpageconfiguration":false}</content>
  <iscustomizable>1</iscustomizable>
  <name>Page Not Found</name>
  <powerpagecomponenttype>2</powerpagecomponenttype>
  <powerpagesiteid>
    <powerpagesiteid>da288a74-c278-4c57-b1dc-dc018921f413</powerpagesiteid>
  </powerpagesiteid>
  <searchcontent>Page Not Found</searchcontent>
  <statecode>0</statecode>
  <statuscode>1</statuscode>
</powerpagecomponent>