<powerpagecomponent powerpagecomponentid="5c821008-a125-e323-ce1f-25af8aecb9db">
  <content>{
  "displayorder": 3,
  "weblinksetid": "2b93bb2f-209e-4b90-973c-14c653122e3c",
  "pageid": "0442a43c-26f8-d8ee-bc71-14943db628a6",
  "publishingstateid": "ac67d233-e1f8-4ca9-84fa-46689b641660",
  "displaypagevalidation": false,
  "displayimageonly": false,
  "displaypagechildlinks": false,
  "openinnewwindow": false,
  "robotsfollowlink": true,
  "copy": "undefined"
}</content>
  <iscustomizable>1</iscustomizable>
  <name>Service Details</name>
  <powerpagecomponenttype>5</powerpagecomponenttype>
  <powerpagesiteid>
    <powerpagesiteid>da288a74-c278-4c57-b1dc-dc018921f413</powerpagesiteid>
  </powerpagesiteid>
  <statecode>1</statecode>
  <statuscode>2</statuscode>
</powerpagecomponent>