{
  "properties": {
    "connectionReferences": {
      "shared_commondataserviceforapps": {
        "api": {
          "name": "shared_commondataserviceforapps"
        },
        "connection": {
          "connectionReferenceLogicalName": "contoso_sharedcommondataserviceforapps_4e0c6"
        },
        "runtimeSource": "embedded"
      },
      "shared_commondataserviceforapps-1": {
        "api": {
          "name": "shared_commondataserviceforapps"
        },
        "connection": {
          "connectionReferenceLogicalName": "contoso_sharedcommondataserviceforapps_4e0c6"
        },
        "runtimeSource": "embedded"
      }
    },
    "definition": {
      "$schema": "https://schema.management.azure.com/providers/Microsoft.Logic/schemas/2016-06-01/workflowdefinition.json#",
      "contentVersion": "1.0.0.0",
      "parameters": {
        "$authentication": {
          "defaultValue": {},
          "type": "SecureObject"
        },
        "$connections": {
          "defaultValue": {},
          "type": "Object"
        }
      },
      "triggers": {
        "When_a_row_is_added,_modified_or_deleted": {
          "type": "OpenApiConnectionWebhook",
          "inputs": {
            "parameters": {
              "subscriptionRequest/message": 1,
              "subscriptionRequest/entityname": "contoso_service",
              "subscriptionRequest/scope": 4
            },
            "host": {
              "apiId": "/providers/Microsoft.PowerApps/apis/shared_commondataserviceforapps",
              "operationId": "SubscribeWebhookTrigger",
              "connectionName": "shared_commondataserviceforapps"
            }
          }
        }
      },
      "actions": {
        "Predict": {
          "type": "OpenApiConnection",
          "inputs": {
            "parameters": {
              "recordId": "e6172557-4b8b-4d55-981d-a0cca72aa2aa",
              "item/requestv2/Title": "@triggerBody()?['contoso_displaytitle']",
              "item/requestv2/Existing_20Description": "@triggerBody()?['contoso_description']"
            },
            "host": {
              "apiId": "/providers/Microsoft.PowerApps/apis/shared_commondataserviceforapps",
              "operationId": "aibuilderpredict",
              "connectionName": "shared_commondataserviceforapps"
            }
          },
          "runAfter": {},
          "metadata": {
            "flowSystemMetadata": {
              "portalOperationId": "aibuilderpredict",
              "portalOperationGroup": "aibuilder",
              "portalOperationApiDisplayNameOverride": "AI Builder",
              "portalOperationIconOverride": "https://content.powerapps.com/resource/makerx/static/pauto/images/designeroperations/aiBuilderNew.51dbdb6b.png",
              "portalOperationBrandColorOverride": "#0A76C4",
              "portalOperationApiTierOverride": "Standard"
            }
          }
        },
        "Update_a_row": {
          "type": "OpenApiConnection",
          "inputs": {
            "parameters": {
              "entityName": "contoso_services",
              "recordId": "@triggerBody()?['contoso_serviceid']",
              "item/contoso_engagementoptions": "929940000",
              "item/contoso_internalname": "@triggerBody()?['contoso_displaytitle']",
              "item/contoso_showrelateddocuments": false,
              "item/contoso_description": "@body('Predict')?['responsev2']?['predictionOutput']?['text']",
              "item/contoso_externalserviceurl": "https://www.contoso.gov.za/service124",
              "item/contoso_instructions": "@body('Predict_1')?['responsev2']?['predictionOutput']?['text']",
              "item/contoso_onlineserviceoption": 929940000
            },
            "host": {
              "apiId": "/providers/Microsoft.PowerApps/apis/shared_commondataserviceforapps",
              "operationId": "UpdateRecord",
              "connectionName": "shared_commondataserviceforapps-1"
            }
          },
          "runAfter": {
            "Predict_1": [
              "Succeeded"
            ]
          }
        },
        "Predict_1": {
          "type": "OpenApiConnection",
          "inputs": {
            "parameters": {
              "recordId": "60179a35-4235-490a-a761-b60798c6c3df",
              "item/requestv2/Title": "@triggerBody()?['contoso_displaytitle']",
              "item/requestv2/Existing_20Description": "@triggerBody()?['contoso_description']"
            },
            "host": {
              "apiId": "providers/Microsoft.ProcessSimple/operationGroups/aibuilder",
              "operationId": "aibuilderpredict",
              "connectionName": "shared_commondataserviceforapps"
            }
          },
          "runAfter": {
            "Predict": [
              "Succeeded"
            ]
          }
        }
      },
      "outputs": {}
    },
    "templateName": null
  },
  "schemaVersion": "1.0.0.0"
}