<powerpagecomponent powerpagecomponentid="83e0e44f-b78e-5eb2-fe5d-94072bbf9978">
  <content>{"displayorder":4,"customcss":"","customjavascript":"","pagetemplateid":"88677561-8643-4620-a573-ae47cbbe2c51","parentpageid":"29e45e1a-1bb4-4435-94ce-e5225065b663","partialurl":"My-Submissions","isroot":false,"rootwebpageid":"f412c1d9-a8d4-bf06-9a66-68ba2e731dc9","title":"My Submissions","summary":"&lt;p&gt;This is a sample landing page designed to be a starting point for your website&lt;/p&gt;","copy":"{% include 'Breadcrumbs' %}\n&lt;div class=\"row sectionBlockLayout text-start\" style=\"display: flex; flex-wrap: wrap; margin: 0px; min-height: auto; padding: 8px;\"&gt;\n  &lt;div class=\"container\" style=\"display: flex; flex-wrap: wrap;\"&gt;\n    &lt;div class=\"col-lg-12 columnBlockLayout\" style=\"flex-grow: 1; display: flex; flex-direction: column; min-width: 250px; word-break: break-word; padding: 10px; margin: 10px 0px;\"&gt;\n      &lt;h1 style=\"text-align: left;\"&gt;My Submissions&lt;/h1&gt;\n      {% include 'Render Ticket Banner' %}\n      &lt;p&gt;View all your form submissions along with their status here.&amp;nbsp;&lt;/p&gt;\n    &lt;/div&gt;\n  &lt;/div&gt;\n&lt;/div&gt;\n&lt;div class=\"row sectionBlockLayout text-start\" style=\"display: flex; flex-wrap: wrap; margin: 0px; min-height: auto; padding: 8px;\"&gt;\n  &lt;div class=\"container\" style=\"padding: 0px; display: flex; flex-wrap: wrap;\"&gt;&lt;div class=\"col-lg-12 columnBlockLayout\" style=\"flex-grow: 1; display: flex; flex-direction: column; min-width: 250px; word-break: break-word; margin: 10px 0px; padding: 10px;\"&gt;{% include 'entity_list' key: 'My Submissions' isModern:'true' %}&lt;/div&gt;&lt;/div&gt;\n&lt;/div&gt;\n","publishingstateid":"ac67d233-e1f8-4ca9-84fa-46689b641660","enablerating":false,"enabletracking":false,"excludefromsearch":false,"hiddenfromsitemap":true,"sharedpageconfiguration":false}</content>
  <iscustomizable>1</iscustomizable>
  <name>My Submissions</name>
  <powerpagecomponenttype>2</powerpagecomponenttype>
  <powerpagesiteid>
    <powerpagesiteid>da288a74-c278-4c57-b1dc-dc018921f413</powerpagesiteid>
  </powerpagesiteid>
  <powerpagesitelanguageid>
    <powerpagesitelanguageid>37d75aa8-59a8-4467-bc51-8eae70734c25</powerpagesitelanguageid>
  </powerpagesitelanguageid>
  <searchcontent>My Submissions{% include 'Breadcrumbs' %}
&lt;div class="row sectionBlockLayout text-start" style="display: flex; flex-wrap: wrap; margin: 0px; min-height: auto; padding: 8px;"&gt;
  &lt;div class="container" style="display: flex; flex-wrap: wrap;"&gt;
    &lt;div class="col-lg-12 columnBlockLayout" style="flex-grow: 1; display: flex; flex-direction: column; min-width: 250px; word-break: break-word; padding: 10px; margin: 10px 0px;"&gt;
      &lt;h1 style="text-align: left;"&gt;My Submissions&lt;/h1&gt;
      {% include 'Render Ticket Banner' %}
      &lt;p&gt;View all your form submissions along with their status here.&amp;nbsp;&lt;/p&gt;
    &lt;/div&gt;
  &lt;/div&gt;
&lt;/div&gt;
&lt;div class="row sectionBlockLayout text-start" style="display: flex; flex-wrap: wrap; margin: 0px; min-height: auto; padding: 8px;"&gt;
  &lt;div class="container" style="padding: 0px; display: flex; flex-wrap: wrap;"&gt;&lt;div class="col-lg-12 columnBlockLayout" style="flex-grow: 1; display: flex; flex-direction: column; min-width: 250px; word-break: break-word; margin: 10px 0px; padding: 10px;"&gt;{% include 'entity_list' key: 'My Submissions' isModern:'true' %}&lt;/div&gt;&lt;/div&gt;
&lt;/div&gt;
My Submissions</searchcontent>
  <statecode>0</statecode>
  <statuscode>1</statuscode>
</powerpagecomponent>