<powerpagecomponent powerpagecomponentid="a5e0aae5-c150-ef11-a316-6045bd00d581">
  <content>{"botschemaname":"cr2de_92510fb1-fa4e-4fd4-8c7b-5f02c560f86b","configjson":"{\"skillConfigViewName\":\"Government Services bot Answers\"}"}</content>
  <iscustomizable>1</iscustomizable>
  <name>Bot Consumer</name>
  <powerpagecomponenttype>27</powerpagecomponenttype>
  <powerpagesiteid>
    <powerpagesiteid>da288a74-c278-4c57-b1dc-dc018921f413</powerpagesiteid>
  </powerpagesiteid>
  <statecode>0</statecode>
  <statuscode>1</statuscode>
</powerpagecomponent>