<powerpagecomponent powerpagecomponentid="b3dc5d21-9801-4ba6-b97a-b6a12e756d49">
  <content>{
  "entityname": "CRUD Submission",
  "entitylogicalname": "contoso_submission",
  "scope": 756150001,
  "append": true,
  "appendto": true,
  "delete": false,
  "read": true,
  "create": true,
  "write": true,
  "parentrelationship": null,
  "parententitypermission": null,
  "contactrelationship": "contoso_contact_contoso_submission_692",
  "accountrelationship": null,
  "childTablePermissions": [],
  "adx_entitypermission_webrole": [
    "e8164153-fd34-4361-b8b9-683b9a5329cb",
    "13109e36-d582-4ce4-9a3e-f568b6bb413c"
  ],
  "copy": "undefined"
}</content>
  <iscustomizable>1</iscustomizable>
  <name>CRUD Submission</name>
  <powerpagecomponenttype>18</powerpagecomponenttype>
  <powerpagesiteid>
    <powerpagesiteid>da288a74-c278-4c57-b1dc-dc018921f413</powerpagesiteid>
  </powerpagesiteid>
  <statecode>0</statecode>
  <statuscode>1</statuscode>
</powerpagecomponent>