<powerpagecomponent powerpagecomponentid="7f744aed-1753-ef11-a316-00224808c328">
  <content>{
  "onsavefromattribute": "contactid",
  "onsavetype": 100000002,
  "attributelogicalname": "contoso_contact",
  "type": 100000000,
  "fieldisrequired": false,
  "useattributedescriptionproperty": true,
  "descriptionposition": 100000000,
  "adddescription": false,
  "setvalueonsave": true,
  "ignoredefaultvalue": false,
  "randomizeoptionsetvalues": false,
  "entityform": "aa17f47c-1753-ef11-a316-00224808c328",
  "entityformforcreate": "aa17f47c-1753-ef11-a316-00224808c328",
  "prepopulatefromattribute": "contactid",
  "prepopulatetype": 100000002
}</content>
  <iscustomizable>1</iscustomizable>
  <name>Create Submission Authenticated User contoso_contact</name>
  <powerpagecomponenttype>16</powerpagecomponenttype>
  <powerpagesiteid>
    <powerpagesiteid>da288a74-c278-4c57-b1dc-dc018921f413</powerpagesiteid>
  </powerpagesiteid>
  <statecode>0</statecode>
  <statuscode>1</statuscode>
</powerpagecomponent>