<powerpagecomponent powerpagecomponentid="692aff90-9ff2-45f9-8d6b-c92cc217dea0">
  <content>{"enabletracking":false,"excludefromsearch":false,"hiddenfromsitemap":false,"parentpageid":"29e45e1a-1bb4-4435-94ce-e5225065b663","partialurl":"Cat-PC.png","publishingstateid":"ac67d233-e1f8-4ca9-84fa-46689b641660"}</content>
  <filecontent mimetype="application/octet-stream">Cat-PC.png</filecontent>
  <iscustomizable>1</iscustomizable>
  <name>Cat-PC.png</name>
  <powerpagecomponenttype>3</powerpagecomponenttype>
  <powerpagesiteid>
    <powerpagesiteid>da288a74-c278-4c57-b1dc-dc018921f413</powerpagesiteid>
  </powerpagesiteid>
  <statecode>0</statecode>
  <statuscode>1</statuscode>
</powerpagecomponent>