<powerpagecomponent powerpagecomponentid="fa2a4bc3-1853-ef11-a316-00224808c328">
  <content>{
  "partialurl": "GetFormFields",
  "feedbackpolicy": 756150000,
  "excludefromsearch": true,
  "hiddenfromsitemap": true,
  "enablerating": false,
  "isroot": true,
  "sharedpageconfiguration": true,
  "publishingstateid": "ac67d233-e1f8-4ca9-84fa-46689b641660",
  "pagetemplateid": "aa404feb-d850-ef11-a316-6045bd00d581",
  "parentpageid": "29e45e1a-1bb4-4435-94ce-e5225065b663",
  "isofflinecached": false
}</content>
  <iscustomizable>1</iscustomizable>
  <name>GetFormFields</name>
  <powerpagecomponenttype>2</powerpagecomponenttype>
  <powerpagesiteid>
    <powerpagesiteid>da288a74-c278-4c57-b1dc-dc018921f413</powerpagesiteid>
  </powerpagesiteid>
  <searchcontent>GetFormFields</searchcontent>
  <statecode>0</statecode>
  <statuscode>1</statuscode>
</powerpagecomponent>