<powerpagecomponent powerpagecomponentid="70b19742-94e7-4b95-8a2d-a4b1ebb31d59">
  <content>{"adx_webpageaccesscontrolrule_webrole":["13109e36-d582-4ce4-9a3e-f568b6bb413c"],"right":1,"webpageid":"29e45e1a-1bb4-4435-94ce-e5225065b663"}</content>
  <iscustomizable>1</iscustomizable>
  <name>Grant Change to Administrators</name>
  <powerpagecomponenttype>10</powerpagecomponenttype>
  <powerpagesiteid>
    <powerpagesiteid>da288a74-c278-4c57-b1dc-dc018921f413</powerpagesiteid>
  </powerpagesiteid>
  <statecode>0</statecode>
  <statuscode>1</statuscode>
</powerpagecomponent>