<powerpagecomponent powerpagecomponentid="118f4886-acbd-b0fc-5748-6f038f10b3f8">
  <content>{
  "displayorder": 4,
  "weblinksetid": "2b93bb2f-209e-4b90-973c-14c653122e3c",
  "pageid": "f412c1d9-a8d4-bf06-9a66-68ba2e731dc9",
  "publishingstateid": "ac67d233-e1f8-4ca9-84fa-46689b641660",
  "displaypagevalidation": false,
  "displayimageonly": false,
  "displaypagechildlinks": false,
  "openinnewwindow": false,
  "robotsfollowlink": true,
  "copy": "undefined"
}</content>
  <iscustomizable>1</iscustomizable>
  <name>My Submissions</name>
  <powerpagecomponenttype>5</powerpagecomponenttype>
  <powerpagesiteid>
    <powerpagesiteid>da288a74-c278-4c57-b1dc-dc018921f413</powerpagesiteid>
  </powerpagesiteid>
  <statecode>0</statecode>
  <statuscode>1</statuscode>
</powerpagecomponent>