<ImportExportXml version="9.2.24064.210" SolutionPackageVersion="9.2" languagecode="1033" generatedBy="CrmLive" xmlns:xsi="http://www.w3.org/2001/XMLSchema-instance">
  <SolutionManifest>
    <UniqueName>GovernmentOnlineServices</UniqueName>
    <LocalizedNames>
      <LocalizedName description="Government Online Services" languagecode="1033" />
    </LocalizedNames>
    <Descriptions />
    <Version>1.0.0.5</Version>
    <Managed>0</Managed>
    <Publisher>
      <UniqueName>Contoso</UniqueName>
      <LocalizedNames>
        <LocalizedName description="Contoso" languagecode="1033" />
      </LocalizedNames>
      <Descriptions>
        <Description description="Contoso" languagecode="1033" />
      </Descriptions>
      <EMailAddress xsi:nil="true"></EMailAddress>
      <SupportingWebsiteUrl xsi:nil="true"></SupportingWebsiteUrl>
      <CustomizationPrefix>contoso</CustomizationPrefix>
      <CustomizationOptionValuePrefix>92994</CustomizationOptionValuePrefix>
      <Addresses>
        <Address>
          <AddressNumber>1</AddressNumber>
          <AddressTypeCode>1</AddressTypeCode>
          <City xsi:nil="true"></City>
          <County xsi:nil="true"></County>
          <Country xsi:nil="true"></Country>
          <Fax xsi:nil="true"></Fax>
          <FreightTermsCode xsi:nil="true"></FreightTermsCode>
          <ImportSequenceNumber xsi:nil="true"></ImportSequenceNumber>
          <Latitude xsi:nil="true"></Latitude>
          <Line1 xsi:nil="true"></Line1>
          <Line2 xsi:nil="true"></Line2>
          <Line3 xsi:nil="true"></Line3>
          <Longitude xsi:nil="true"></Longitude>
          <Name xsi:nil="true"></Name>
          <PostalCode xsi:nil="true"></PostalCode>
          <PostOfficeBox xsi:nil="true"></PostOfficeBox>
          <PrimaryContactName xsi:nil="true"></PrimaryContactName>
          <ShippingMethodCode>1</ShippingMethodCode>
          <StateOrProvince xsi:nil="true"></StateOrProvince>
          <Telephone1 xsi:nil="true"></Telephone1>
          <Telephone2 xsi:nil="true"></Telephone2>
          <Telephone3 xsi:nil="true"></Telephone3>
          <TimeZoneRuleVersionNumber xsi:nil="true"></TimeZoneRuleVersionNumber>
          <UPSZone xsi:nil="true"></UPSZone>
          <UTCOffset xsi:nil="true"></UTCOffset>
          <UTCConversionTimeZoneCode xsi:nil="true"></UTCConversionTimeZoneCode>
        </Address>
        <Address>
          <AddressNumber>2</AddressNumber>
          <AddressTypeCode>1</AddressTypeCode>
          <City xsi:nil="true"></City>
          <County xsi:nil="true"></County>
          <Country xsi:nil="true"></Country>
          <Fax xsi:nil="true"></Fax>
          <FreightTermsCode xsi:nil="true"></FreightTermsCode>
          <ImportSequenceNumber xsi:nil="true"></ImportSequenceNumber>
          <Latitude xsi:nil="true"></Latitude>
          <Line1 xsi:nil="true"></Line1>
          <Line2 xsi:nil="true"></Line2>
          <Line3 xsi:nil="true"></Line3>
          <Longitude xsi:nil="true"></Longitude>
          <Name xsi:nil="true"></Name>
          <PostalCode xsi:nil="true"></PostalCode>
          <PostOfficeBox xsi:nil="true"></PostOfficeBox>
          <PrimaryContactName xsi:nil="true"></PrimaryContactName>
          <ShippingMethodCode>1</ShippingMethodCode>
          <StateOrProvince xsi:nil="true"></StateOrProvince>
          <Telephone1 xsi:nil="true"></Telephone1>
          <Telephone2 xsi:nil="true"></Telephone2>
          <Telephone3 xsi:nil="true"></Telephone3>
          <TimeZoneRuleVersionNumber xsi:nil="true"></TimeZoneRuleVersionNumber>
          <UPSZone xsi:nil="true"></UPSZone>
          <UTCOffset xsi:nil="true"></UTCOffset>
          <UTCConversionTimeZoneCode xsi:nil="true"></UTCConversionTimeZoneCode>
        </Address>
      </Addresses>
    </Publisher>
    <RootComponents>
      <RootComponent type="1" schemaName="contact" behavior="1" />
      <RootComponent type="1" schemaName="contoso_formfield" behavior="0" />
      <RootComponent type="1" schemaName="contoso_governmentdepartment" behavior="0" />
      <RootComponent type="1" schemaName="contoso_onlineservicedocument" behavior="0" />
      <RootComponent type="1" schemaName="contoso_service" behavior="0" />
      <RootComponent type="1" schemaName="contoso_serviceaddress" behavior="0" />
      <RootComponent type="1" schemaName="contoso_servicecategory" behavior="0" />
      <RootComponent type="1" schemaName="contoso_submission" behavior="0" />
      <RootComponent type="29" id="{2582f565-0249-ef11-bfe3-7c1e5234e360}" behavior="0" />
      <RootComponent type="29" id="{3ae75ade-0249-ef11-bfe3-7c1e5234e360}" behavior="0" />
      <RootComponent type="29" id="{98c7ad80-6b4d-ef11-bfe3-7c1e5234e360}" behavior="0" />
      <RootComponent type="29" id="{ea7a4684-0249-ef11-bfe3-7c1e5234e360}" behavior="0" />
      <RootComponent type="61" schemaName="contoso_buildingicon" behavior="0" />
      <RootComponent type="61" schemaName="contoso_charticon" behavior="0" />
      <RootComponent type="61" schemaName="contoso_clipboardicon" behavior="0" />
      <RootComponent type="61" schemaName="contoso_documenticon" behavior="0" />
      <RootComponent type="61" schemaName="contoso_hierachyicon" behavior="0" />
      <RootComponent type="61" schemaName="contoso_queuesicon" behavior="0" />
      <RootComponent type="62" schemaName="contoso_OnlineServiceCatalogueManager" behavior="0" />
      <RootComponent type="80" schemaName="contoso_OnlineServiceCatalogueManager" behavior="0" />
      <RootComponent type="401" id="{60179a35-4235-490a-a761-b60798c6c3df}" behavior="0" />
      <RootComponent type="401" id="{e6172557-4b8b-4d55-981d-a0cca72aa2aa}" behavior="0" />
    </RootComponents>
    <MissingDependencies>
      <MissingDependency>
        <Required type="1" schemaName="stagedmetadataasyncoperation" displayName="Staged Metadata Async Operation" solution="MetadataExtension (1.0.2.104)" />
        <Dependent type="80" schemaName="contoso_OnlineServiceCatalogueManager" displayName="Online Service Catalogue Manager" />
      </MissingDependency>
      <MissingDependency>
        <Required type="61" schemaName="msdyn_/Images/AppModule_Default_Icon.png" displayName="msdyn_/Images/AppModule_Default_Icon.png" solution="AppModuleWebResources (2.5)" />
        <Dependent type="80" schemaName="contoso_OnlineServiceCatalogueManager" displayName="Online Service Catalogue Manager" />
      </MissingDependency>
      <MissingDependency>
        <Required type="SettingDefinition" displayName="AppChannel" solution="msdyn_AppFrameworkInfraExtensions (1.0.0.11)" id.uniquename="AppChannel" />
        <Dependent type="AppSetting" displayName="parentappmoduleid.uniquename=contoso_OnlineServiceCatalogueManager,settingdefinitionid.uniquename=AppChannel" id.parentappmoduleid.uniquename="contoso_OnlineServiceCatalogueManager" id.settingdefinitionid.uniquename="AppChannel" />
      </MissingDependency>
    </MissingDependencies>
  </SolutionManifest>
</ImportExportXml>