<powerpagecomponent powerpagecomponentid="4ec39eff-d053-ef11-a316-00224808c328">
  <content>{
  "source": "{% if request.params['created'] | xml_escape %}\r\n{% assign ticketid = request.params['created'] | xml_escape %}\r\n&lt;div class=\"alert alert-block alert-success alert-case-created\"&gt;&lt;p&gt;Thank you. Your form has been received succesfully.&lt;br/&gt;Take note of the reference number {{ticketid}}, and return back to the My Submissions page in the future to view the status of your submission.&lt;/p&gt;&lt;/div&gt;\r\n{% endif %}"
}</content>
  <iscustomizable>1</iscustomizable>
  <name>Render Ticket Banner</name>
  <powerpagecomponenttype>8</powerpagecomponenttype>
  <powerpagesiteid>
    <powerpagesiteid>da288a74-c278-4c57-b1dc-dc018921f413</powerpagesiteid>
  </powerpagesiteid>
  <statecode>0</statecode>
  <statuscode>1</statuscode>
</powerpagecomponent>