<powerpagecomponent powerpagecomponentid="b08d9504-8a7c-49b2-abc5-d8def50e91dd">
  <content>{"status":"enable","selectedThemeId":"df88c9ca-e24f-4eca-af9a-880e7b8559a0","siteSettingId":"b08d9504-8a7c-49b2-abc5-d8def50e91dd","version":"V2"}</content>
  <iscustomizable>1</iscustomizable>
  <name>ThemeFeature</name>
  <powerpagecomponenttype>9</powerpagecomponenttype>
  <powerpagesiteid>
    <powerpagesiteid>da288a74-c278-4c57-b1dc-dc018921f413</powerpagesiteid>
  </powerpagesiteid>
  <statecode>0</statecode>
  <statuscode>1</statuscode>
</powerpagecomponent>