<powerpagecomponent powerpagecomponentid="ca15d1bf-d850-ef11-a316-6045bd00d581">
  <content>{"source":"{% if request.params['id'] | xml_escape and request.IsPreview != true %}\r\n{% assign serviceid = request.params['id'] | xml_escape %}\r\n{% fetchxml documents %}\r\n&lt;fetch top=\"10\"&gt;\r\n  &lt;entity name=\"contoso_onlineservicedocument\"&gt;\r\n    &lt;attribute name=\"contoso_displayonwebsite\" /&gt;\r\n    &lt;attribute name=\"contoso_file\" /&gt;\r\n    &lt;attribute name=\"contoso_title\" /&gt;\r\n    &lt;filter&gt;\r\n      &lt;condition attribute=\"contoso_displayonwebsite\" operator=\"eq\" value=\"1\" /&gt;\r\n      &lt;condition attribute=\"contoso_service\" operator=\"eq\" value=\"{{serviceid}}\" /&gt;\r\n    &lt;/filter&gt;\r\n    &lt;order attribute=\"contoso_title\" /&gt;\r\n  &lt;/entity&gt;\r\n&lt;/fetch&gt;\r\n{% endfetchxml %}\r\n{% if documents.results and documents.results.entities and documents.results.entities.size &gt; 0 %}\r\n&lt;p class=\"serviceHeader\"&gt;Related Documents&lt;/p&gt;\r\n&lt;div class=\"list-group\"&gt;\r\n{% for doc in documents.results.entities %}\r\n\r\n{% assign urlPath = {{doc.contoso_file.Url}} %}\r\n{% assign fileName = {{doc.contoso_file.Name}} %}\r\n{% assign fileTitle = {{doc.contoso_title}} %}\r\n\r\n{% assign ext = fileName | split:'.' | last  | downcase %}\r\n{% case ext %}\r\n  {% when \"pdf\" %}\r\n     {% assign icon = \"pdf\" %}\r\n  {% when \"xlsx\", \"xls\" %}\r\n      {% assign icon = \"xlsx\" %}\r\n  {% when \"docx\", \"doc\" %}\r\n      {% assign icon = \"docx\" %}\r\n  {% when \"pptx\", \"ppt\" %}\r\n    {% assign icon = \"pptx\" %}\r\n  {% else %}\r\n      {% assign icon = \"globe\" %}\r\n{% endcase %}\r\n\r\n&lt;a href=\"{{urlPath}}\" style=\"border:0px\" class=\"list-group-item list-group-item-action icon-link\"&gt;&lt;img width=\"20\" height=\"20\"  style=\"margin-right:5px\" src=\"/icon-{{icon}}.svg\"/&gt;{{fileTitle}}&lt;/a&gt;\r\n{% endfor %}\r\n&lt;/div&gt;\r\n{% endif %}\r\n{% elsif request.IsPreview == true %}\r\n&lt;p&gt;Related documents will appear here&lt;/p&gt;\r\n{% endif %}"}</content>
  <iscustomizable>1</iscustomizable>
  <name>Related Documents</name>
  <powerpagecomponenttype>8</powerpagecomponenttype>
  <powerpagesiteid>
    <powerpagesiteid>da288a74-c278-4c57-b1dc-dc018921f413</powerpagesiteid>
  </powerpagesiteid>
  <statecode>0</statecode>
  <statuscode>1</statuscode>
</powerpagecomponent>