<powerpagecomponent powerpagecomponentid="d182f9bc-9072-43c4-9f40-160bc35b6bd7">
  <content>{"disablepagevalidation":false,"displayimageonly":false,"displayorder":1,"displaypagechildlinks":false,"openinnewwindow":false,"pageid":"840d6792-3630-4195-b6f4-112bb1e3b015","publishingstateid":"ac67d233-e1f8-4ca9-84fa-46689b641660","robotsfollowlink":true,"weblinksetid":"5b4ff360-4818-4e88-979a-d64d04fe6430"}</content>
  <iscustomizable>1</iscustomizable>
  <name>Profile</name>
  <powerpagecomponenttype>5</powerpagecomponenttype>
  <powerpagesiteid>
    <powerpagesiteid>da288a74-c278-4c57-b1dc-dc018921f413</powerpagesiteid>
  </powerpagesiteid>
  <statecode>0</statecode>
  <statuscode>1</statuscode>
</powerpagecomponent>